Fecha;Último;Apertura;Máximo;Mínimo;Vol.;% var.
30.06.2023;52.430,00;54.650,00;54.650,00;52.430,00;4,53K;0,00%
29.06.2023;52.430,00;53.350,00;53.500,00;52.430,00;1,76K;-1,04%
27.06.2023;52.980,00;52.070,00;52.980,00;52.000,00;19,20K;-1,16%
26.06.2023;53.600,00;52.090,00;53.600,00;51.770,00;14,84K;-0,74%
22.06.2023;54.000,00;54.000,00;54.000,00;54.000,00;1,72K;-1,76%
21.06.2023;54.970,00;56.330,00;56.330,00;54.000,00;45,00K;-3,49%
20.06.2023;56.960,00;53.000,00;56.960,00;52.640,00;9,85K;-1,42%
16.06.2023;57.780,00;63.580,00;63.580,00;57.780,00;68,26K;-0,03%
24.05.2023;57.800,00;57.040,00;57.800,00;54.000,00;5,69K;-3,63%
23.05.2023;59.980,00;60.000,00;60.000,00;58.000,00;10,41K;1,04%
19.05.2023;59.360,00;60.500,00;60.500,00;59.360,00;0,56K;-2,67%
18.05.2023;60.990,00;59.030,00;61.000,00;59.030,00;3,31K;-0,03%
17.05.2023;61.010,00;61.010,00;61.010,00;61.010,00;0,40K;-0,80%
16.05.2023;61.500,00;61.500,00;61.500,00;61.000,00;5,80K;0,89%
15.05.2023;60.960,00;59.930,00;60.960,00;59.900,00;3,48K;1,72%
12.05.2023;59.930,00;59.040,00;59.930,00;59.040,00;4,30K;-0,10%
11.05.2023;59.990,00;59.090,00;59.990,00;59.090,00;3,15K;-3,52%
10.05.2023;62.180,00;61.500,00;62.180,00;61.500,00;1,82K;-0,51%
09.05.2023;62.500,00;62.970,00;62.970,00;60.010,00;4,98K;-0,75%
08.05.2023;62.970,00;61.000,00;62.970,00;60.000,00;4,51K;1,73%
05.05.2023;61.900,00;63.000,00;63.170,00;61.900,00;39,49K;-1,73%
04.05.2023;62.990,00;61.000,00;62.990,00;58.520,00;28,17K;3,28%
03.05.2023;60.990,00;60.450,00;61.000,00;60.450,00;26,91K;0,89%
02.05.2023;60.450,00;57.530,00;60.450,00;57.530,00;124,47K;0,27%
28.04.2023;60.290,00;57.900,00;60.790,00;57.020,00;103,99K;3,98%
27.04.2023;57.980,00;55.960,00;57.980,00;54.170,00;58,28K;3,61%
26.04.2023;55.960,00;56.000,00;57.500,00;55.300,00;27,00K;1,43%
25.04.2023;55.170,00;57.050,00;57.900,00;55.170,00;5,11K;-3,30%
24.04.2023;57.050,00;57.040,00;57.990,00;57.040,00;3,70K;-2,55%
21.04.2023;58.540,00;55.510,00;58.740,00;55.510,00;2,33K;-0,75%
20.04.2023;58.980,00;57.570,00;58.980,00;57.570,00;0,79K;-1,35%
19.04.2023;59.790,00;59.780,00;59.790,00;58.000,00;11,24K;-0,78%
18.04.2023;60.260,00;60.000,00;60.480,00;57.000,00;6,30K;0,45%
17.04.2023;59.990,00;59.520,00;60.730,00;59.000,00;20,02K;-1,62%
14.04.2023;60.980,00;58.020,00;60.980,00;58.020,00;39,39K;1,80%
13.04.2023;59.900,00;59.790,00;59.960,00;59.700,00;21,05K;-0,15%
12.04.2023;59.990,00;59.500,00;61.000,00;59.500,00;24,93K;0,32%
11.04.2023;59.800,00;52.820,00;59.800,00;52.820,00;26,73K;4,91%
10.04.2023;57.000,00;55.990,00;57.000,00;55.980,00;21,52K;1,79%
05.04.2023;56.000,00;52.550,00;56.000,00;52.550,00;11,97K;2,75%
04.04.2023;54.500,00;53.000,00;55.000,00;53.000,00;63,62K;-0,91%
03.04.2023;55.000,00;49.000,00;55.000,00;49.000,00;98,09K;10,00%
31.03.2023;50.000,00;50.450,00;50.980,00;50.000,00;4,25K;0,00%
30.03.2023;50.000,00;49.870,00;50.500,00;49.500,00;6,46K;2,46%
29.03.2023;48.800,00;51.000,00;51.000,00;48.800,00;19,10K;-2,40%
28.03.2023;50.000,00;51.250,00;51.250,00;50.000,00;4,51K;1,42%
27.03.2023;49.300,00;49.970,00;49.970,00;47.000,00;209,98K;4,89%
24.03.2023;47.000,00;48.400,00;48.400,00;46.200,00;10,48K;0,09%
23.03.2023;46.960,00;48.460,00;48.460,00;46.960,00;523,58K;-2,55%
22.03.2023;48.190,00;48.500,00;48.500,00;47.000,00;3,08K;3,63%
21.03.2023;46.500,00;47.100,00;48.980,00;46.500,00;113,45K;-1,06%
17.03.2023;47.000,00;52.690,00;52.690,00;47.000,00;173,56K;-6,00%
16.03.2023;50.000,00;50.080,00;51.950,00;50.000,00;1,60K;0,00%
15.03.2023;50.000,00;55.000,00;55.000,00;50.000,00;19,66K;-9,09%
14.03.2023;55.000,00;55.800,00;55.800,00;54.720,00;6,29K;-3,15%
13.03.2023;56.790,00;54.120,00;56.790,00;54.120,00;38,82K;-0,37%
10.03.2023;57.000,00;56.000,00;57.000,00;56.000,00;10,30K;0,00%
09.03.2023;57.000,00;58.000,00;58.000,00;56.500,00;17,42K;-0,70%
08.03.2023;57.400,00;55.990,00;57.500,00;55.500,00;35,06K;1,23%
07.03.2023;56.700,00;53.000,00;56.700,00;50.750,00;31,59K;7,39%
06.03.2023;52.800,00;48.350,00;52.800,00;48.340,00;19,24K;9,38%
03.03.2023;48.270,00;49.000,00;49.000,00;48.270,00;2,45K;-0,88%
02.03.2023;48.700,00;50.000,00;50.000,00;48.600,00;4,70K;-4,28%
01.03.2023;50.880,00;50.880,00;50.880,00;50.880,00;2,62K;0,16%
28.02.2023;50.800,00;48.200,00;51.000,00;48.200,00;3,44K;-0,39%
27.02.2023;51.000,00;50.790,00;51.000,00;50.790,00;1,61K;0,04%
24.02.2023;50.980,00;50.500,00;50.990,00;50.500,00;3,30K;-0,02%
23.02.2023;50.990,00;50.700,00;50.990,00;48.080,00;5,84K;-0,02%
20.02.2023;51.000,00;45.820,00;51.000,00;45.820,00;9,03K;0,20%
17.02.2023;50.900,00;50.300,00;50.900,00;49.250,00;2,02K;0,91%
16.02.2023;50.440,00;49.390,00;50.480,00;49.300,00;5,83K;0,00%
15.02.2023;50.440,00;50.440,00;50.440,00;50.440,00;1,26K;-0,90%
14.02.2023;50.900,00;51.480,00;51.480,00;49.000,00;2,40K;-0,78%
13.02.2023;51.300,00;47.020,00;51.300,00;47.000,00;11,52K;0,59%
10.02.2023;51.000,00;50.990,00;51.000,00;50.990,00;11,28K;-1,90%
09.02.2023;51.990,00;50.000,00;51.990,00;50.000,00;13,13K;1,94%
08.02.2023;51.000,00;48.250,00;51.000,00;47.000,00;26,30K;5,37%
07.02.2023;48.400,00;44.370,00;48.400,00;44.370,00;12,91K;5,24%
06.02.2023;45.990,00;45.000,00;45.990,00;43.350,00;12,14K;2,20%
03.02.2023;45.000,00;43.100,00;48.550,00;43.100,00;16,57K;-1,75%
02.02.2023;45.800,00;44.380,00;45.800,00;44.380,00;7,64K;3,15%
01.02.2023;44.400,00;44.130,00;45.370,00;44.130,00;3,61K;-3,06%
31.01.2023;45.800,00;44.960,00;45.800,00;44.230,00;15,44K;1,85%
30.01.2023;44.970,00;45.370,00;45.370,00;43.760,00;8,20K;0,94%
27.01.2023;44.550,00;42.100,00;44.580,00;42.000,00;12,95K;1,02%
26.01.2023;44.100,00;44.100,00;44.440,00;44.100,00;13,69K;-0,88%
25.01.2023;44.490,00;44.000,00;44.680,00;44.000,00;8,56K;-0,58%
24.01.2023;44.750,00;44.020,00;44.750,00;44.020,00;10,92K;-0,11%
23.01.2023;44.800,00;44.600,00;45.590,00;44.600,00;6,66K;-0,44%
20.01.2023;45.000,00;44.000,00;45.000,00;44.000,00;6,09K;2,27%
19.01.2023;44.000,00;44.000,00;44.000,00;44.000,00;0,59K;-0,09%
18.01.2023;44.040,00;44.000,00;44.800,00;44.000,00;2,97K;-0,47%
17.01.2023;44.250,00;44.400,00;44.500,00;42.000,00;7,53K;-0,56%
16.01.2023;44.500,00;44.500,00;44.500,00;44.500,00;1,10K;-1,05%
13.01.2023;44.970,00;44.000,00;44.970,00;44.000,00;3,59K;2,20%
12.01.2023;44.000,00;44.000,00;44.000,00;44.000,00;6,17K;0,00%
11.01.2023;44.000,00;44.000,00;44.050,00;44.000,00;3,97K;-2,22%
10.01.2023;45.000,00;45.200,00;45.250,00;45.000,00;1,44K;-1,06%
06.01.2023;45.480,00;43.510,00;45.480,00;43.400,00;7,62K;5,01%
05.01.2023;43.310,00;43.500,00;43.500,00;43.100,00;7,46K;-3,24%
04.01.2023;44.760,00;44.970,00;44.970,00;44.760,00;1,41K;5,32%
03.01.2023;42.500,00;42.500,00;42.510,00;42.500,00;3,77K;0,00%
02.01.2023;42.500,00;42.510,00;42.510,00;42.500,00;1,28K;-4,49%
29.12.2022;44.500,00;44.500,00;44.500,00;44.500,00;2,25K;0,00%
28.12.2022;44.500,00;42.500,00;44.500,00;42.500,00;2,39K;0,61%
27.12.2022;44.230,00;44.230,00;44.230,00;44.230,00;1,33K;0,32%
26.12.2022;44.090,00;44.000,00;44.090,00;44.000,00;1,16K;0,00%
23.12.2022;44.090,00;43.000,00;44.090,00;43.000,00;1,24K;2,53%
21.12.2022;43.000,00;43.010,00;44.870,00;42.510,00;21,45K;-3,50%
20.12.2022;44.560,00;42.670,00;44.560,00;42.670,00;0,85K;-0,96%
19.12.2022;44.990,00;45.490,00;45.490,00;44.990,00;3,14K;4,63%
16.12.2022;43.000,00;44.500,00;44.500,00;43.000,00;32,80K;-6,30%
15.12.2022;45.890,00;44.010,00;46.300,00;41.000,00;4,42K;4,06%
14.12.2022;44.100,00;44.100,00;44.100,00;44.100,00;5,97K;-3,08%
13.12.2022;45.500,00;45.500,00;45.500,00;45.500,00;0,63K;-2,76%
12.12.2022;46.790,00;47.000,00;47.010,00;45.110,00;16,95K;-0,45%
09.12.2022;47.000,00;46.970,00;47.000,00;46.970,00;1,96K;1,16%
07.12.2022;46.460,00;45.900,00;46.460,00;44.290,00;8,69K;1,89%
06.12.2022;45.600,00;42.110,00;45.600,00;42.110,00;4,68K;1,33%
05.12.2022;45.000,00;45.000,00;45.900,00;44.500,00;84,12K;0,00%
02.12.2022;45.000,00;43.910,00;45.000,00;43.510,00;17,52K;1,12%
01.12.2022;44.500,00;43.900,00;44.990,00;43.900,00;26,90K;1,37%
30.11.2022;43.900,00;41.890,00;43.900,00;41.510,00;91,02K;7,07%
29.11.2022;41.000,00;41.460,00;41.990,00;41.000,00;11,36K;-1,11%
28.11.2022;41.460,00;39.010,00;41.460,00;39.010,00;2,10K;1,89%
24.11.2022;40.690,00;38.540,00;40.690,00;38.540,00;2,22K;1,73%
23.11.2022;40.000,00;39.200,00;40.000,00;39.100,00;12,10K;1,52%
22.11.2022;39.400,00;38.910,00;39.400,00;38.500,00;25,56K;1,29%
21.11.2022;38.900,00;51.760,00;51.760,00;38.500,00;38,10K;-28,75%
18.11.2022;54.600,00;58.000,00;58.000,00;51.760,00;6,33K;-5,06%
17.11.2022;57.510,00;52.090,00;59.000,00;50.900,00;57,57K;10,41%
16.11.2022;52.090,00;49.200,00;52.090,00;49.200,00;11,04K;2,34%
15.11.2022;50.900,00;53.000,00;53.000,00;49.000,00;48,93K;-3,94%
11.11.2022;52.990,00;52.980,00;52.990,00;51.980,00;12,62K;2,02%
10.11.2022;51.940,00;51.970,00;52.300,00;51.700,00;30,51K;-0,10%
09.11.2022;51.990,00;53.340,00;53.340,00;49.000,00;8,00K;-3,08%
08.11.2022;53.640,00;54.000,00;54.000,00;53.640,00;28,94K;0,83%
04.11.2022;53.200,00;52.000,00;53.980,00;52.000,00;9,84K;2,31%
03.11.2022;52.000,00;52.990,00;52.990,00;51.800,00;9,91K;-1,50%
02.11.2022;52.790,00;53.290,00;53.290,00;51.910,00;24,15K;-0,40%
01.11.2022;53.000,00;53.250,00;53.980,00;52.150,00;9,16K;-0,02%
31.10.2022;53.010,00;53.200,00;53.940,00;53.000,00;5,19K;-0,92%
28.10.2022;53.500,00;53.100,00;54.010,00;53.100,00;9,99K;-2,67%
27.10.2022;54.970,00;55.010,00;55.700,00;53.000,00;12,74K;-0,05%
26.10.2022;55.000,00;58.000,00;58.400,00;55.000,00;26,48K;-4,23%
25.10.2022;57.430,00;57.510,00;59.530,00;57.200,00;35,14K;-0,14%
24.10.2022;57.510,00;55.500,00;61.000,00;55.500,00;109,87K;-0,83%
21.10.2022;57.990,00;58.920,00;60.090,00;57.880,00;33,10K;-5,03%
20.10.2022;61.060,00;63.000,00;68.490,00;59.500,00;19,53K;65,12%
20.09.2022;36.980,00;34.810,00;37.490,00;34.810,00;12,20K;-0,05%
19.09.2022;37.000,00;36.100,00;37.000,00;36.000,00;14,96K;2,78%
16.09.2022;36.000,00;34.720,00;37.400,00;34.720,00;291,20K;-4,26%
15.09.2022;37.600,00;36.600,00;37.800,00;36.600,00;70,70K;1,65%
14.09.2022;36.990,00;37.800,00;37.800,00;34.500,00;25,63K;-2,91%
13.09.2022;38.100,00;38.400,00;38.970,00;37.000,00;5,91K;-2,31%
12.09.2022;39.000,00;38.490,00;39.100,00;38.340,00;165,52K;2,36%
09.09.2022;38.100,00;38.190,00;38.390,00;38.100,00;4,59K;-0,26%
08.09.2022;38.200,00;38.450,00;38.450,00;37.520,00;4,90K;0,53%
07.09.2022;38.000,00;36.800,00;38.400,00;36.800,00;5,89K;-1,25%
06.09.2022;38.480,00;38.480,00;38.480,00;37.370,00;8,34K;-0,05%
05.09.2022;38.500,00;37.000,00;38.500,00;37.000,00;6,03K;1,32%
02.09.2022;38.000,00;37.740,00;38.490,00;37.740,00;12,14K;-1,02%
01.09.2022;38.390,00;38.000,00;38.390,00;37.990,00;112,57K;3,76%
31.08.2022;37.000,00;38.000,00;38.000,00;37.000,00;30,96K;-3,87%
30.08.2022;38.490,00;38.380,00;38.490,00;38.380,00;3,58K;0,00%
29.08.2022;38.490,00;38.490,00;38.490,00;38.490,00;4,88K;-0,03%
25.08.2022;38.500,00;37.010,00;38.990,00;37.010,00;17,90K;-2,48%
24.08.2022;39.480,00;37.000,00;39.480,00;37.000,00;7,05K;2,60%
22.08.2022;38.480,00;37.210,00;38.480,00;37.210,00;0,81K;-0,05%
19.08.2022;38.500,00;38.890,00;38.900,00;38.500,00;5,41K;0,00%
18.08.2022;38.500,00;37.500,00;38.500,00;37.500,00;31,19K;2,67%
17.08.2022;37.500,00;39.190,00;39.190,00;37.500,00;25,06K;-0,58%
16.08.2022;37.720,00;39.000,00;40.280,00;37.720,00;58,33K;-0,76%
12.08.2022;38.010,00;39.380,00;39.390,00;38.010,00;4,61K;-3,60%
11.08.2022;39.430,00;38.510,00;39.430,00;38.510,00;5,43K;0,72%
10.08.2022;39.150,00;38.460,00;39.150,00;38.450,00;15,19K;-2,13%
09.08.2022;40.000,00;40.490,00;40.490,00;39.300,00;18,65K;-2,06%
08.08.2022;40.840,00;38.390,00;40.840,00;38.340,00;11,37K;-0,39%
05.08.2022;41.000,00;38.980,00;41.000,00;38.980,00;11,60K;5,13%
04.08.2022;39.000,00;39.000,00;39.000,00;39.000,00;10,35K;2,63%
03.08.2022;38.000,00;38.670,00;38.670,00;38.000,00;8,39K;1,33%
02.08.2022;37.500,00;38.580,00;38.950,00;36.630,00;63,95K;-2,80%
01.08.2022;38.580,00;39.870,00;39.870,00;38.580,00;8,34K;-3,31%
29.07.2022;39.900,00;40.000,00;40.000,00;39.900,00;9,51K;-0,25%
28.07.2022;40.000,00;39.610,00;40.110,00;39.600,00;8,21K;-1,96%
27.07.2022;40.800,00;41.000,00;41.000,00;38.990,00;5,01K;-0,46%
26.07.2022;40.990,00;41.290,00;41.290,00;39.340,00;6,69K;0,74%
25.07.2022;40.690,00;39.000,00;41.300,00;38.660,00;15,06K;5,66%
22.07.2022;38.510,00;39.020,00;42.500,00;37.700,00;81,16K;-8,00%
21.07.2022;41.860,00;39.000,00;42.000,00;38.300,00;12,82K;-1,51%
19.07.2022;42.500,00;42.500,00;42.500,00;42.500,00;1,91K;1,19%
18.07.2022;42.000,00;42.480,00;42.480,00;42.000,00;3,71K;-1,13%
15.07.2022;42.480,00;39.510,00;42.480,00;39.510,00;15,55K;-0,05%
14.07.2022;42.500,00;43.000,00;43.380,00;40.820,00;28,32K;-2,30%
13.07.2022;43.500,00;43.500,00;43.500,00;43.500,00;3,18K;-0,23%
12.07.2022;43.600,00;41.990,00;43.600,00;41.990,00;49,66K;3,81%
11.07.2022;42.000,00;42.100,00;42.160,00;41.670,00;36,57K;0,79%
08.07.2022;41.670,00;42.000,00;42.100,00;41.670,00;22,85K;-0,79%
07.07.2022;42.000,00;42.150,00;42.150,00;41.000,00;9,79K;0,24%
06.07.2022;41.900,00;41.000,00;42.200,00;39.080,00;28,38K;2,22%
05.07.2022;40.990,00;39.990,00;40.990,00;39.600,00;208,73K;2,48%
01.07.2022;40.000,00;39.600,00;40.000,00;39.600,00;38,74K;1,01%
30.06.2022;39.600,00;38.500,00;39.600,00;38.500,00;16,15K;0,00%
29.06.2022;39.600,00;36.020,00;39.600,00;35.000,00;143,38K;4,24%
28.06.2022;37.990,00;38.890,00;38.890,00;36.000,00;19,43K;-2,36%
24.06.2022;38.910,00;38.910,00;38.910,00;38.910,00;1,36K;-0,18%
23.06.2022;38.980,00;37.470,00;38.980,00;36.000,00;39,78K;3,73%
22.06.2022;37.580,00;39.690,00;39.690,00;37.580,00;27,92K;-5,34%
21.06.2022;39.700,00;37.390,00;39.800,00;37.390,00;86,43K;6,15%
17.06.2022;37.400,00;34.300,00;37.490,00;34.300,00;1,37M;1,66%
16.06.2022;36.790,00;36.810,00;36.810,00;34.590,00;4,38K;0,52%
15.06.2022;36.600,00;36.040,00;36.680,00;34.140,00;19,69K;-3,17%
14.06.2022;37.800,00;36.000,00;37.820,00;36.000,00;6,39K;-2,02%
13.06.2022;38.580,00;36.540,00;38.740,00;36.540,00;10,95K;-0,54%
10.06.2022;38.790,00;37.160,00;38.790,00;37.100,00;5,15K;0,23%
09.06.2022;38.700,00;38.040,00;39.190,00;37.310,00;14,17K;-2,03%
08.06.2022;39.500,00;40.190,00;40.190,00;39.310,00;30,67K;0,00%
07.06.2022;39.500,00;39.190,00;39.880,00;38.920,00;238,38K;0,77%
06.06.2022;39.200,00;38.790,00;39.780,00;37.800,00;26,52K;0,46%
03.06.2022;39.020,00;37.200,00;39.020,00;37.200,00;23,03K;1,93%
02.06.2022;38.280,00;37.020,00;38.280,00;37.020,00;8,76K;0,90%
01.06.2022;37.940,00;38.890,00;38.890,00;37.000,00;21,87K;2,54%
31.05.2022;37.000,00;40.590,00;40.980,00;37.000,00;169,93K;-8,84%
27.05.2022;40.590,00;37.670,00;40.590,00;37.670,00;6,01K;7,78%
26.05.2022;37.660,00;39.900,00;39.990,00;36.100,00;11,28K;-5,33%
25.05.2022;39.780,00;40.990,00;40.990,00;37.330,00;6,26K;-2,98%
24.05.2022;41.000,00;39.330,00;41.000,00;38.030,00;11,73K;3,04%
23.05.2022;39.790,00;41.000,00;41.000,00;39.410,00;11,98K;-2,95%
20.05.2022;41.000,00;39.500,00;41.180,00;39.000,00;20,66K;2,76%
19.05.2022;39.900,00;44.000,00;44.000,00;39.900,00;15,15K;-8,90%
18.05.2022;43.800,00;44.000,00;44.000,00;41.700,00;12,88K;-0,45%
17.05.2022;44.000,00;44.990,00;45.000,00;41.500,00;320,53K;-11,27%
16.05.2022;49.590,00;49.590,00;49.590,00;49.590,00;2,88K;0,00%
13.05.2022;49.590,00;49.990,00;49.990,00;46.220,00;16,67K;-0,82%
12.05.2022;50.000,00;50.000,00;50.000,00;50.000,00;6,13K;-1,77%
10.05.2022;50.900,00;49.990,00;50.900,00;49.990,00;4,32K;1,80%
09.05.2022;50.000,00;49.400,00;50.000,00;49.400,00;8,55K;1,90%
06.05.2022;49.070,00;48.810,00;49.070,00;48.810,00;23,80K;-1,86%
05.05.2022;50.000,00;50.000,00;50.000,00;49.990,00;6,60K;1,42%
04.05.2022;49.300,00;49.850,00;49.850,00;49.300,00;6,48K;0,20%
03.05.2022;49.200,00;50.020,00;50.020,00;49.000,00;9,36K;-1,50%
02.05.2022;49.950,00;48.700,00;49.950,00;48.700,00;13,11K;2,99%
28.04.2022;48.500,00;48.600,00;48.850,00;48.500,00;46,08K;0,04%
27.04.2022;48.480,00;48.100,00;48.800,00;48.100,00;25,78K;0,79%
26.04.2022;48.100,00;48.200,00;48.880,00;47.520,00;308,74K;1,61%
22.04.2022;47.340,00;46.560,00;47.340,00;46.330,00;47,69K;0,94%
21.04.2022;46.900,00;46.200,00;46.900,00;46.110,00;115,57K;1,82%
20.04.2022;46.060,00;46.100,00;46.150,00;46.040,00;165,04K;0,00%
19.04.2022;46.060,00;46.190,00;46.240,00;46.060,00;202,56K;-0,07%
18.04.2022;46.090,00;46.160,00;46.400,00;45.820,00;153,98K;-0,22%
13.04.2022;46.190,00;45.810,00;46.200,00;45.810,00;18,38K;0,85%
12.04.2022;45.800,00;46.220,00;46.220,00;45.790,00;47,26K;-0,93%
11.04.2022;46.230,00;45.290,00;46.280,00;45.290,00;57,57K;0,94%
08.04.2022;45.800,00;46.000,00;46.550,00;45.800,00;195,15K;-0,13%
07.04.2022;45.860,00;46.410,00;46.570,00;45.600,00;453,56K;-2,01%
06.04.2022;46.800,00;47.260,00;47.690,00;46.480,00;233,21K;-0,81%
05.04.2022;47.180,00;48.000,00;48.000,00;46.600,00;68,44K;1,24%
04.04.2022;46.600,00;46.510,00;46.990,00;45.660,00;25,52K;0,22%
01.04.2022;46.500,00;45.700,00;46.500,00;45.000,00;333,14K;1,53%
31.03.2022;45.800,00;45.760,00;46.000,00;45.570,00;9,60K;-1,51%
30.03.2022;46.500,00;47.100,00;47.100,00;45.540,00;72,77K;5,16%
28.02.2022;44.220,00;40.200,00;44.220,00;36.440,00;29,63K;10,00%
25.02.2022;40.200,00;40.750,00;41.300,00;40.200,00;3,98M;-1,45%
24.02.2022;40.790,00;40.040,00;40.800,00;40.040,00;328,75K;-0,02%
23.02.2022;40.800,00;40.690,00;40.820,00;40.660,00;326,12K;0,00%
22.02.2022;40.800,00;40.500,00;40.800,00;40.410,00;484,90K;0,47%
21.02.2022;40.610,00;40.500,00;40.610,00;40.370,00;520,63K;0,20%
18.02.2022;40.530,00;40.520,00;40.570,00;40.400,00;341,20K;-0,10%
17.02.2022;40.570,00;40.630,00;40.650,00;40.560,00;44,27K;-0,12%
16.02.2022;40.620,00;40.690,00;40.750,00;40.600,00;332,32K;0,25%
15.02.2022;40.520,00;39.850,00;40.700,00;39.850,00;176,17K;-0,44%
14.02.2022;40.700,00;40.650,00;40.700,00;40.520,00;122,48K;0,05%
11.02.2022;40.680,00;40.800,00;40.800,00;40.640,00;16,71K;0,17%
10.02.2022;40.610,00;40.700,00;40.750,00;40.600,00;166,10K;-0,34%
09.02.2022;40.750,00;40.380,00;40.750,00;40.380,00;85,75K;-0,10%
08.02.2022;40.790,00;40.700,00;40.800,00;40.600,00;48,67K;0,25%
07.02.2022;40.690,00;40.950,00;40.950,00;40.290,00;79,62K;-0,42%
04.02.2022;40.860,00;40.230,00;40.900,00;40.230,00;136,53K;0,29%
03.02.2022;40.740,00;39.070,00;40.900,00;39.070,00;182,99K;0,84%
02.02.2022;40.400,00;40.400,00;40.720,00;40.110,00;67,21K;-0,69%
01.02.2022;40.680,00;40.010,00;41.000,00;40.010,00;87,50K;21,07%
17.01.2022;33.600,00;29.500,00;33.600,00;29.500,00;380,39K;24,44%
14.01.2022;27.000,00;28.580,00;29.000,00;26.940,00;110,41K;-6,96%
13.01.2022;29.020,00;31.250,00;31.250,00;29.020,00;64,36K;-3,27%
12.01.2022;30.000,00;29.810,00;30.500,00;28.960,00;35,84K;-0,33%
11.01.2022;30.100,00;28.130,00;30.100,00;27.800,00;103,04K;0,27%
07.01.2022;30.020,00;28.480,00;30.020,00;28.200,00;889,01K;5,33%
06.01.2022;28.500,00;28.500,00;28.700,00;28.180,00;207,71K;0,71%
05.01.2022;28.300,00;28.340,00;28.400,00;28.130,00;320,21K;-0,18%
04.01.2022;28.350,00;28.500,00;28.500,00;28.350,00;66,99K;-0,11%
03.01.2022;28.380,00;28.600,00;28.700,00;28.340,00;24,46K;-0,91%
30.12.2021;28.640,00;28.400,00;28.650,00;28.320,00;37,12K;1,56%
29.12.2021;28.200,00;28.500,00;28.560,00;28.200,00;60,08K;-1,05%
28.12.2021;28.500,00;28.350,00;28.500,00;28.210,00;238,94K;0,64%
27.12.2021;28.320,00;28.400,00;28.400,00;28.230,00;14,05K;-0,28%
24.12.2021;28.400,00;28.300,00;28.440,00;28.300,00;4,81K;0,00%
23.12.2021;28.400,00;28.200,00;28.400,00;28.200,00;73,67K;0,04%
22.12.2021;28.390,00;28.000,00;28.390,00;28.000,00;46,57K;1,07%
21.12.2021;28.090,00;28.300,00;28.400,00;28.060,00;59,49K;-0,74%
20.12.2021;28.300,00;28.350,00;28.350,00;28.020,00;149,76K;-0,32%
17.12.2021;28.390,00;28.560,00;28.770,00;27.890,00;211,28K;-0,35%
16.12.2021;28.490,00;28.360,00;28.780,00;28.360,00;784,21K;0,67%
15.12.2021;28.300,00;27.550,00;28.300,00;27.550,00;178,49K;-0,35%
14.12.2021;28.400,00;27.100,00;28.410,00;26.790,00;533,61K;3,80%
13.12.2021;27.360,00;27.640,00;27.640,00;27.200,00;112,00K;-0,62%
10.12.2021;27.530,00;27.770,00;27.790,00;27.300,00;314,62K;-1,85%
09.12.2021;28.050,00;28.410,00;28.660,00;28.020,00;674,11K;-1,75%
07.12.2021;28.550,00;28.580,00;28.800,00;28.540,00;591,28K;-0,90%
06.12.2021;28.810,00;28.500,00;28.900,00;28.400,00;329,08K;1,09%
03.12.2021;28.500,00;28.580,00;28.640,00;28.400,00;146,33K;-0,28%
02.12.2021;28.580,00;28.260,00;28.650,00;28.260,00;119,52K;-0,42%
01.12.2021;28.700,00;29.200,00;29.230,00;28.030,00;369,05K;-1,20%
30.11.2021;29.050,00;28.810,00;29.490,00;28.810,00;377,21K;-1,19%
29.11.2021;29.400,00;28.250,00;29.400,00;28.250,00;503,81K;4,07%
26.11.2021;28.250,00;28.000,00;28.350,00;27.520,00;331,27K;0,04%
25.11.2021;28.240,00;27.500,00;28.650,00;27.450,00;145,71K;1,07%
24.11.2021;27.940,00;27.000,00;27.980,00;27.000,00;363,88K;3,48%
23.11.2021;27.000,00;26.900,00;27.000,00;26.620,00;191,29K;0,82%
22.11.2021;26.780,00;27.750,00;27.760,00;26.500,00;676,95K;23,18%
10.11.2021;21.740,00;22.000,00;22.000,00;21.700,00;78,51K;-0,73%
09.11.2021;21.900,00;22.160,00;22.160,00;21.700,00;119,94K;-1,26%
08.11.2021;22.180,00;22.160,00;22.190,00;22.120,00;46,72K;0,36%
05.11.2021;22.100,00;22.180,00;22.250,00;22.030,00;66,23K;-0,36%
04.11.2021;22.180,00;22.250,00;22.250,00;22.030,00;47,11K;-0,31%
03.11.2021;22.250,00;22.090,00;22.250,00;22.000,00;76,04K;1,14%
02.11.2021;22.000,00;22.010,00;22.230,00;22.000,00;231,45K;-0,05%
29.10.2021;22.010,00;22.100,00;22.270,00;22.010,00;120,80K;-0,86%
28.10.2021;22.200,00;22.000,00;22.200,00;21.930,00;143,25K;0,95%
27.10.2021;21.990,00;22.210,00;22.210,00;21.860,00;20,40K;-0,50%
26.10.2021;22.100,00;22.200,00;22.200,00;22.020,00;45,32K;0,68%
25.10.2021;21.950,00;22.100,00;22.190,00;21.950,00;228,47K;0,23%
22.10.2021;21.900,00;22.000,00;22.010,00;21.900,00;37,82K;-1,13%
21.10.2021;22.150,00;22.270,00;22.270,00;21.980,00;131,05K;0,77%
20.10.2021;21.980,00;22.200,00;22.210,00;21.980,00;94,17K;-1,35%
19.10.2021;22.280,00;22.380,00;22.510,00;22.210,00;390,74K;-0,09%
15.10.2021;22.300,00;22.000,00;22.400,00;22.000,00;61,80K;0,04%
14.10.2021;22.290,00;22.000,00;22.290,00;21.920,00;418,24K;1,69%
13.10.2021;21.920,00;21.990,00;21.990,00;21.810,00;52,38K;0,50%
12.10.2021;21.810,00;22.100,00;22.190,00;21.750,00;59,35K;-1,18%
11.10.2021;22.070,00;22.090,00;22.400,00;22.070,00;55,68K;-0,05%
08.10.2021;22.080,00;21.900,00;22.090,00;21.900,00;46,98K;0,87%
07.10.2021;21.890,00;21.800,00;22.180,00;21.800,00;391,46K;0,41%
06.10.2021;21.800,00;21.600,00;21.890,00;21.600,00;61,76K;0,41%
05.10.2021;21.710,00;21.860,00;21.940,00;21.700,00;256,70K;-0,05%
04.10.2021;21.720,00;21.810,00;21.810,00;21.610,00;158,65K;0,46%
01.10.2021;21.620,00;21.700,00;21.880,00;21.620,00;320,20K;-0,18%
30.09.2021;21.660,00;21.650,00;21.740,00;21.400,00;50,88K;0,09%
29.09.2021;21.640,00;21.680,00;21.750,00;21.520,00;534,39K;0,28%
28.09.2021;21.580,00;21.680,00;21.680,00;21.380,00;140,46K;0,19%
27.09.2021;21.540,00;21.480,00;21.780,00;21.480,00;305,02K;0,33%
24.09.2021;21.470,00;21.450,00;21.480,00;21.150,00;45,80K;0,09%
23.09.2021;21.450,00;21.600,00;21.800,00;21.380,00;51,46K;-0,46%
22.09.2021;21.550,00;21.390,00;21.580,00;21.390,00;56,71K;0,47%
21.09.2021;21.450,00;21.500,00;21.550,00;21.200,00;235,57K;1,27%
20.09.2021;21.180,00;21.370,00;21.510,00;21.030,00;49,56K;-1,53%
17.09.2021;21.510,00;21.650,00;21.760,00;21.500,00;222,44K;-0,19%
16.09.2021;21.550,00;21.700,00;21.710,00;21.510,00;185,13K;0,00%
15.09.2021;21.550,00;21.800,00;22.200,00;21.540,00;92,29K;-0,46%
14.09.2021;21.650,00;21.680,00;21.680,00;21.360,00;361,64K;1,45%
13.09.2021;21.340,00;21.770,00;22.090,00;21.340,00;92,32K;-1,84%
10.09.2021;21.740,00;21.770,00;21.770,00;21.700,00;66,49K;0,28%
09.09.2021;21.680,00;21.590,00;21.770,00;21.420,00;73,27K;0,42%
08.09.2021;21.590,00;21.500,00;21.720,00;21.240,00;120,15K;0,42%
07.09.2021;21.500,00;21.520,00;21.710,00;21.490,00;51,63K;-1,29%
06.09.2021;21.780,00;21.700,00;21.780,00;21.670,00;40,72K;0,00%
03.09.2021;21.780,00;21.800,00;21.800,00;21.700,00;22,50K;-0,09%
02.09.2021;21.800,00;22.100,00;22.100,00;21.700,00;83,04K;-0,18%
01.09.2021;21.840,00;21.650,00;21.940,00;21.510,00;132,76K;0,74%
31.08.2021;21.680,00;21.740,00;21.800,00;21.680,00;74,71K;-0,91%
30.08.2021;21.880,00;22.270,00;22.540,00;21.860,00;92,26K;-1,57%
27.08.2021;22.230,00;22.300,00;22.320,00;22.150,00;68,71K;-0,31%
26.08.2021;22.300,00;22.350,00;22.610,00;22.300,00;36,73K;-1,50%
25.08.2021;22.640,00;22.030,00;22.710,00;22.030,00;51,71K;-0,04%
24.08.2021;22.650,00;22.750,00;22.750,00;22.310,00;29,91K;-0,70%
23.08.2021;22.810,00;22.900,00;23.000,00;22.780,00;60,06K;-0,39%
20.08.2021;22.900,00;22.950,00;23.200,00;22.660,00;66,86K;0,13%
19.08.2021;22.870,00;22.600,00;23.120,00;22.600,00;129,37K;-0,48%
18.08.2021;22.980,00;21.960,00;22.980,00;21.960,00;102,17K;4,69%
17.08.2021;21.950,00;21.400,00;21.980,00;21.030,00;174,83K;2,57%
13.08.2021;21.400,00;21.040,00;21.400,00;21.020,00;68,34K;0,71%
12.08.2021;21.250,00;21.300,00;21.300,00;20.810,00;274,76K;0,47%
11.08.2021;21.150,00;21.200,00;21.200,00;20.540,00;43,10K;0,76%
10.08.2021;20.990,00;20.220,00;21.170,00;20.220,00;76,43K;2,14%
09.08.2021;20.550,00;20.670,00;20.670,00;20.550,00;19,50K;-0,72%
06.08.2021;20.700,00;20.600,00;20.700,00;20.600,00;45,28K;0,73%
05.08.2021;20.550,00;20.650,00;20.700,00;20.240,00;55,41K;-0,05%
04.08.2021;20.560,00;20.210,00;20.680,00;20.210,00;50,37K;1,03%
03.08.2021;20.350,00;20.450,00;20.450,00;20.200,00;49,00K;-0,49%
02.08.2021;20.450,00;20.600,00;20.600,00;20.400,00;195,73K;-1,21%
30.07.2021;20.700,00;20.410,00;20.700,00;20.230,00;24,17K;0,63%
29.07.2021;20.570,00;20.860,00;21.150,00;20.570,00;73,69K;-1,77%
28.07.2021;20.940,00;21.200,00;21.200,00;20.810,00;28,99K;0,38%
27.07.2021;20.860,00;21.140,00;21.170,00;20.720,00;86,66K;-0,57%
26.07.2021;20.980,00;21.200,00;21.200,00;20.700,00;50,17K;0,87%
23.07.2021;20.800,00;21.350,00;21.350,00;20.620,00;46,01K;-0,53%
22.07.2021;20.910,00;21.310,00;21.310,00;20.910,00;20,56K;-2,29%
21.07.2021;21.400,00;21.700,00;21.800,00;21.400,00;159,62K;-1,29%
19.07.2021;21.680,00;22.080,00;22.080,00;21.510,00;13,84K;-1,28%
16.07.2021;21.960,00;22.060,00;22.060,00;21.860,00;9,26K;0,00%
15.07.2021;21.960,00;21.920,00;21.960,00;21.710,00;30,56K;0,18%
14.07.2021;21.920,00;22.000,00;22.090,00;21.720,00;68,79K;0,27%
13.07.2021;21.860,00;21.990,00;22.010,00;21.860,00;306,92K;-0,59%
12.07.2021;21.990,00;22.030,00;22.180,00;21.990,00;128,08K;-0,63%
09.07.2021;22.130,00;22.290,00;22.290,00;21.720,00;130,41K;0,09%
08.07.2021;22.110,00;22.080,00;22.180,00;22.010,00;101,87K;-0,41%
07.07.2021;22.200,00;22.290,00;22.500,00;22.200,00;89,50K;-0,49%
06.07.2021;22.310,00;22.700,00;22.700,00;22.300,00;71,62K;-1,46%
02.07.2021;22.640,00;21.800,00;22.660,00;21.780,00;57,94K;3,85%
01.07.2021;21.800,00;22.000,00;22.230,00;21.550,00;120,68K;-0,37%
